class_id,product_name,upc
1,Bausch & Lomb Renu All in One Multi Purpose Solution,310119030486
2,Chex Mix,016000126121
3,Gardetto's Original Recipe,016000166196
4,Honey Nut Cheerios (General Mills),016000665903
5,Wrigleys Extra peppermint gum,02209605
6,doublemint gum,02217206
7,big red gum,02217400
8,Vicks DayQuil LiquiCaps,323900008748
9,Cheez-It,024100122615
10,Hershey Milk Chocolate with Almonds,03424102
11,Twix Cookie Bar,04002305
12,Snickers,04010207
13,CLOROX ULTRA LIQUID REG,044600024509
14,CLOROX 2 LIQUID 44 OZ,044600038025
15,Gatorade Lemon-Lime,052000338775
16,SNYDER PRETZEL OLD TYME,077975022337
17,POCKETCOMB,792554102001
18,Motrin IB Ibuprofen Tablets USP,300450481030
19,Neosporin Original,300810730884
20,El Sabroso Salsitas Salsa Chips,078907450372
21,Tic Tac Wintergreen,00980734
22,DENTYNE ICE ARTIC CHILL,012546300599
23,Certs Peppermint,012546711500
24,"Genuine BAYER Aspirin, tablets (325 mg)",312843101111
25,Nissin Ramen Noodles - Chicken,070662010037
26,26OZ BLUE WINDEX,019800201333
27,"Morton Salt, Iodized",024600010030
28,Ziploc Sandwich Bags,025700003908
29,Aleve Caplets,325866105028
30,Kit Kat King Size,03422900
31,Reese's Pieces,03424801
32,Kleenex Tissue,036000253900
33,Chap Stick Lip Balm,036600813313
34,REGULAR 33OZ TIDE POWDER,037000308041
35,Pringles Sour Cream & Onion,037000321286
36,Pringles Pizza-licious,037000332213
37,Starburst Original Fruit,04005108
38,Skittles (Original),04016007
39,Claritin Allergy,041100080226
40,French's Classic Yellow Mustard,041500007007
41,FORMULA 409,044600008899
42,Monster Energy Beverage,070847811169
43,Mentos (Mint),073390000110
44,Tapatio - Salsa Picante,077885710614
45,Dove Anti-Perspirant/Deodorant Fresh Invisible Solid,079400500908
46,Band-Aid flexible fabric,381370044307
47,CARMEX EZ-ON APPLICATOR,083078113131
48,diet ROCKSTAR Energy Drink,818094000024
49,VICKS NYQUIL COUGH CHERRY 6 OZ,323900004238
50,Nestle Crunch,028000131708
51,Lay's Classic,028400048538
52,ARM + HAMMER BAKING SODA,033200011309
53,MARTINELLI APPLE JUICE,041244007523
54,Diet Coke with Lime,049000036473
55,Sprite 12oz Can,04913207
56,Propel Fitness Water,052000700473
57,AVIATOR POKER CARDS,073854009147
58,Act II Butter Lover's Popcorn,076150430516
59,Dr Pepper,078000082401
60,Tylenol PM Gelcaps Extra Strength,300450182203
61,Red Bull Sugarfree,611269101713
62,"Blistex ""Silk & Shine"" Lip gloss and sunscreen SPF 15",041388850078
63,NYQUIL LQCAPS PSE FREE 12 CT,323900008717
64,LINDOR CANDY,00954259
65,Lindt Excellence 70% Cocoa Dark Chocolate,037466017631
66,Haribo Gold-Bears Gummi Candy,042238301566
67,Ritter Sport White Chocolate with Whole Hazelnuts,050255013003
68,TOBLERONE MILK CHOCOLATE,070221011116
69,Manner Milk Chocolate Cream Filled Wafers,073621497207
70,PEPPERIDGE FARM MILK CHOCOLATE MACADAMIA COOKIES,014100077121
71,"Pepperidge Farm Milano Cookies, Double Chocolate",014100074724
72,Tylenol  Extra Strength Caplets,300450449054
73,Frappuccino Coffee,01218002
74,Yoo-Hoo Chocolate Drink,072350000115
75,Bull's-Eye BBQ Sauce Original,019582411104
76,Symphony with almonds and toffee chips,03415900
77,Nabisco Nilla Wafers,044000048372
78,BEEF JERKY,017082007308
79,David Sunflower Seeds,026200461724
80,Hunt's Tomato Sauce,027000390054
81,kotex lightdays,036000013009
82,Always thin pantiliners,037000426882
83,Liption Tea,04128504
84,Soft Scrub with Bleach Cleanser,044600016023
85,RAID Flying Insect Killer,046500016608
86,SHOUT LAUNDRY STAIN REMOVER,046500022517
87,"Gillette Foamy Shaving Cream, Regular",047400240308
88,Campbell's Tomato Soup - Microwavable bowl,051000134585
89,Vivarin,353100186243
90,Chef Boyardee Beef Ravioli,064144043156
91,LIFESTYLES ULTRA SENSITIVE,070907017036
92,Crystal Geyser Water,075140707027
93,Luna Bar nutz chocolate,722252103109
94,KELL RAISIN BRAN 15 OZ 121459,03881008
95,GM HNY NUT CHEERIOS CEREAL CUP,016000141551
96,Pepto-Bismol,301490039045
97,PEPTO BISMOL CHERRY TAB 30 CT,301490039786
98,Tabasco Brand Pepper Sauce,011210000018
99,alka Seltzer Plus cold,016500505860
100,Jack Links: Extreme Snack Stick,017082890306
101,TROJAN ULTRA FIT CONDOMS,022600914501
102,Trojan-Enz lubricated condoms,022600930501
103,colgate plus toothbrush,035000553003
104,Nabisco Wheat Thins Crackers Original,044000046880
105,"Mountain Dew, Single Bottle",01213104
106,GUMMI FROGS,042238472778
107,Mini Chips Ahoy!,044000008390
108,Jif Creamy Peanut Butter,051500241288
109,"Glade Potpourri Spray ,Powder Fresh ,9oz.",046500000829
110,Campbells Cream of Chicken soup,051000010315
111,CAMPBELL CHUNKY CLASSIC CHICKEN NOODLE,051000038852
112,A-1 STEAK SAUCE,054400000092
113,Rockstar Energy Drink,818094000017
114,KODAK COLOR SLIDE 100 EB135-36,041771871499
115,Tostitos Scoops,028400035088
116,RITTER CAPPUCCINO 100G,050255230004
117,Sour Cream & Onion Ruffles,028400041737
118,Ben & Jerry's Ice Cream World's Best Vanilla,076840400058
119,Nabisco Flavor Crisps/Flavor Originals Snack Crackers Baked Vegetable Thins,04422404
120,Yoplait Yogurt Original Strawberry Banana 99% Fat Free S70,070470003139
