timestamp,feed_id,original_fileName,new_fileName
2025-11-10T20-26-27,feed_1,video1.png,feed_1_2025-11-10T20-26-27.png
2025-11-10T20-26-27,feed_2,video2.png,feed_2_2025-11-10T20-26-27.png
2025-11-10T20-26-27,feed_3,video38.png,feed_3_2025-11-10T20-26-27.png
2025-11-10T20-26-27,feed_4,video17.png,feed_4_2025-11-10T20-26-27.png
2025-11-10T20-26-27,feed_5,video51.png,feed_5_2025-11-10T20-26-27.png
2025-11-10T20-26-29,feed_4,video30.png,feed_4_2025-11-10T20-26-29.png
2025-11-10T20-26-29,feed_5,video45.png,feed_5_2025-11-10T20-26-29.png
2025-11-10T20-26-29,feed_1,video33.png,feed_1_2025-11-10T20-26-29.png
2025-11-10T20-26-29,feed_3,video43.png,feed_3_2025-11-10T20-26-29.png
2025-11-10T20-26-29,feed_2,video9.png,feed_2_2025-11-10T20-26-29.png
2025-11-10T20-26-31,feed_4,video16.png,feed_4_2025-11-10T20-26-31.png
2025-11-10T20-26-31,feed_5,video10.png,feed_5_2025-11-10T20-26-31.png
2025-11-10T20-26-32,feed_1,video29.png,feed_1_2025-11-10T20-26-32.png
2025-11-10T20-26-32,feed_2,video15.png,feed_2_2025-11-10T20-26-32.png
2025-11-10T20-26-33,feed_3,video58.png,feed_3_2025-11-10T20-26-33.png
2025-11-10T20-26-35,feed_1,video4.png,feed_1_2025-11-10T20-26-35.png
2025-11-10T20-26-35,feed_5,video67.png,feed_5_2025-11-10T20-26-35.png
2025-11-10T20-26-35,feed_4,video3.png,feed_4_2025-11-10T20-26-35.png
2025-11-10T20-26-36,feed_2,video3.png,feed_2_2025-11-10T20-26-36.png
2025-11-10T20-26-36,feed_3,video36.png,feed_3_2025-11-10T20-26-36.png
2025-11-10T20-26-38,feed_5,video69.png,feed_5_2025-11-10T20-26-38.png
2025-11-10T20-26-38,feed_1,video3.png,feed_1_2025-11-10T20-26-38.png
2025-11-10T20-26-38,feed_4,video34.png,feed_4_2025-11-10T20-26-38.png
2025-11-10T20-26-39,feed_2,video6.png,feed_2_2025-11-10T20-26-39.png
2025-11-10T20-26-40,feed_3,video3.png,feed_3_2025-11-10T20-26-40.png
