                  epoch,             train/loss,  metrics/accuracy_top1,  metrics/accuracy_top5,               val/loss,                 lr/pg0,                 lr/pg1,                 lr/pg2
                      1,                 3.2084,                0.84429,                0.96431,                 4.1579,             0.00023732,             0.00023732,             0.00023732
                      2,                0.50044,                0.98899,                0.99896,                 3.8446,             0.00042826,             0.00042826,             0.00042826
                      3,                0.13258,                0.99479,                0.99955,                 3.8211,             0.00057208,             0.00057208,             0.00057208
                      4,                 0.0812,                0.99569,                      1,                 3.8115,             0.00050194,             0.00050194,             0.00050194
                      5,                0.05546,                0.99673,                0.99985,                 3.8084,             0.00043126,             0.00043126,             0.00043126
                      6,                0.03929,                0.99866,                0.99985,                 3.8067,             0.00036057,             0.00036057,             0.00036057
                      7,                0.03469,                0.99554,                0.99985,                 3.8091,             0.00028988,             0.00028988,             0.00028988
                      8,                0.02777,                0.99851,                      1,                 3.8059,              0.0002192,              0.0002192,              0.0002192
                      9,                0.02045,                0.99911,                      1,                  3.804,             0.00014851,             0.00014851,             0.00014851
                     10,                 0.0153,                0.99941,                      1,                 3.8034,             7.7826e-05,             7.7826e-05,             7.7826e-05
